sentence,label
"For the last quarter of 2010 , Componenta 's net sales doubled to EUR131m from EUR76m for the same period a year earlier , while it moved to a zero pre-tax profit from a pre-tax loss of EUR7m .",positive
"In the third quarter of 2010 , net sales increased by 5.2 % to EUR 205.5 mn , and operating profit by 34.9 % to EUR 23.5 mn .",positive
Operating profit rose to EUR 13.1 mn from EUR 8.7 mn in the corresponding period in 2007 representing 7.7 % of net sales .,positive
"Operating profit totalled EUR 21.1 mn , up from EUR 18.6 mn in 2007 , representing 9.7 % of net sales .",positive
"Consolidated net sales increased 16 % to reach EUR74 .8 m , while operating profit amounted to EUR0 .9 m compared to a loss of EUR0 .7 m in the prior year period .",positive
"Its board of directors will propose a dividend of EUR0 .12 per share for 2010 , up from the EUR0 .08 per share paid in 2009 .",positive
"Net income from life insurance doubled to EUR 6.8 mn from EUR 3.2 mn , and net income from non-life insurance rose to EUR 5.2 mn from EUR 1.5 mn in the corresponding period in 2009 .",positive
Net sales increased to EUR193 .3 m from EUR179 .9 m and pretax profit rose by 34.2 % to EUR43 .1 m. ( EUR1 = USD1 .4 ),positive
Nordea Group 's operating profit increased in 2010 by 18 percent year-on-year to 3.64 billion euros and total revenue by 3 percent to 9.33 billion euros .,positive
"Operating profit for the nine-month period increased from EUR13 .6 m , while net sales increased from EUR394 .7 m , as compared to the corresponding period in 2005 .",positive
"Operating profit for the three-month period increased from EUR1 .2 m , while revenue increased from EUR20 .2 m , as compared to the corresponding period in 2005 .",positive
"The company 's net profit rose 11.4 % on the year to 82.2 million euros in 2005 on sales of 686.5 million euros , 13.8 % up on the year , the company said earlier .",positive
"Viking Line 's cargo revenue increased by 5.4 % to EUR 21.46 mn , and cargo volume increased by 2.4 % to 70,116 cargo units .",positive
"Commission income increased by 22 % to EUR 4.4 mn , and lending volume rose by 13.5 % .",positive
"In January , traffic , measured in revenue passenger kilometres RPK , went up by 3.2 % and capacity , measured in available seat kilometres ASK , rose by 12.2 % .",positive
"In January-September 2010 , Fiskars ' net profit went up by 14 % year-on-year to EUR 65.4 million and net sales to EUR 525.3 million from EUR 487.7 million .",positive
"Net income from life insurance rose to EUR 16.5 mn from EUR 14.0 mn , and net income from non-life insurance to EUR 22.6 mn from EUR 15.2 mn in 2009 .",positive
"The company 's order book stood at 1.5 bln euro $ 2.2 bln on September 30 , 2007 , up by 24.2 pct on the year , with international orders amounting to 365 mln euro $ 534.3 mln .",positive
"The company said that paper demand increased in all of its main markets , including of publication papers , and that it increased average paper prices by 4 percent compared with last year .",positive
"Shares of Standard Chartered ( STAN ) rose 1.2 % in the FTSE 100 , while Royal Bank of Scotland ( RBS ) shares rose 2 % and Barclays shares ( BARC ) ( BCS ) were up 1.7 % .",positive
"A maximum of 666,104 new shares can further be subscribed for by exercising B options under the 2004 stock option plan .",neutral
Tiimari operates 194 stores in six countries -- including its core Finnish market -- and generated a turnover of 76.5 mln eur in 2005 .,neutral
"4 February 2011 - Finnish broadband data communication systems provider Teleste Oyj HEL : TLT1V saw its net profit jump to EUR2 .1 m for the last quarter of 2010 from EUR995 ,000 for the same period of 2009 .",positive
"Both operating profit and turnover for the three-month period increased , respectively from EUR0 .9 m and EUR8 .3 m , as compared to the corresponding period in 2005 .",positive
Circulation revenue has increased by 5 % in Finland and 4 % in Sweden in 2008 .,positive
Construction volumes meanwhile grow at a rate of 10-15 percent annually .,positive
"In 2009 , Fiskars ' cash flow from operating activities amounted to EUR121m , up from EUR97m in the previous year .",positive
"In Lithuania , operating profit rose to EUR 190,000 from EUR 70,000 in the corresponding period in 2005 .",positive
"International sales rose by 59.8 % to EUR 1,244.4 mn .",positive
Operating profit increased by 145.1 % to EUR 8.3 mn from EUR 3.4 mn .,positive
Operating profit rose to EUR 5mn from EUR 2.8 mn in the fourth quarter of 2008 .,positive
"The company 's consolidated operating profit amounted to EUR 15.86 mn , up from EUR 4.14 mn year-on-year .",positive
The fair value of the company 's investment properties grew to EUR 2.803 billion at the end of March 2009 from EUR 2.691 million a year ago .,positive
"The last quarter was the best quarter of 2009 in net sales , and the operating margin rose to 12.2 % .",positive
"Advertising and circulation revenues grew by 3.4 % and by 0.4 % , respectively .",positive
Cargo volume increased by approximately 5 % .,positive
Diluted earnings per share ( EPS ) rose to EUR 0.29 from EUR 0.05 .,positive
Diluted earnings per share ( EPS ) rose to EUR 0.52 versus EUR 0.09 .,positive
EBIT margin was up from 1.4 % to 5.1 % .,positive
"Equity ratio was 60.9 % compared to 54.2 % In the third quarter of 2007 , net sales of the Frozen Foods Business totaled EUR 11.0 , up by about 5 % from the third quarter of 2006 .",positive
First quarter underlying operating profit rose to 41 mln eur from 33 mln a year earlier .,positive
"For the first nine months of 2010 , the company 's net profit rose to EUR41m from EUR30m for the corresponding period of 2009 .",positive
"However , net sales in 2010 are seen to have grown to EUR598 .3 m from EUR582 .3 m in 2009 .",positive
Net interest income increased by 4.5 % to EUR 31.4 mn from EUR 30.0 mn in 2004 .,positive
"Order intake grew by 40 % year-on-year and 30 % year-on-year , respectively , to EUR 576 million and EUR 1.7 billion for the respective January-September and July-September 2010 periods .",positive
"Section : Regional News - The demand in Finnair 's Asian traffic , measured in passenger kilometers , was up 34.9 % in August compare to last year .",positive
The stock rose for a second day on Wednesday bringing its two-day rise to GBX12 .0 or 2.0 % .,positive
Vacon 's cash flow from operations grew to EUR 37.1 mn from EUR 21.9 mn a year ago .,positive
Exports grew 16.5 percent to 19.1 million liters .,positive
"Last year the company raised its turnover to approximately 7 million litas EUR 2 mln , from 6.1 million litas in 2004 .",positive
Production capacity will increase from 36 000 to 85 000 tonnes per year and the raw material will continue to be recycled paper and board .,positive
The company 's market share is continued to increase further .,positive
"The total delivery volume of paper businesses in 2010 was 1,155,000 tonnes , up from 1,132,000 tonnes in 2009 .",positive
Increase in the number of shares is based on the option rights which were granted to the management of the company under the stock option plan 2006 .,neutral
It has some 30 offices worldwide and more than 90 pct of its net sales are generated outside Finland .,neutral
"The contract value amounts to about EUR11m , the company added .",neutral
Rental of building equipment accounted for 88 percent of the operating income .,neutral
The business to be divested generates consolidated net sales of EUR 60 million annually and currently has some 640 employees .,neutral
"The company generates net sales of about 600 mln euro $ 775.5 mln annually and employs 6,000 .",neutral
Tielinja generated net sales of 7.5 mln euro $ 9.6 mln in 2005 .,neutral
"Following this increase Huhtamaki 's registered share capital is EUR360 .62 m and the number of shares outstanding is 106,063,320 .",neutral
Alfa group will have 43.9 % of voting stock in the new company and Telenor 35.4 % with a free float of 20.7 % .,neutral
"In 2009 , Lee & Man had a combined annual production capacity of close to 4.5 million tonnes of paper and 300,000 tonnes of pulp .",neutral
"The offer price is $ 35 million , including cash of $ 10 million as net debt assumption of FACE , and $ 20 million worth of Cencorp shares to be issued to Savcor .",neutral
"The total investment in the Vantaa plant extension will amount to around 10 million euro , and Okmetic 's share of the investments will be worth around 2.7 million .",neutral
"Capacity of the facility made by Finland 's Vaahto Group is 86,000 tons of light coated paper .",neutral
"EQT has completed its exit from Salcomp , a Finnish company that makes mobile phone chargers , by selling its remaining stake to Swedish investment group Nordstjernan for about ( EURO ) 35 million ( $ 47 million ) .",neutral
"Following the registration , the number of issued and outstanding shares of Basware is 12,890,829 .",neutral
"Goodwill and other intangible assets account for some 2.0 mln euro ( $ 2.6 mln ) of the purchase price , 20 pct of which payable in Aspo shares .",neutral
"Honkarakenne mainly exports large luxury log houses to Russia to be used as one-family houses or holiday homes ; 70 % of sales go to the Moscow region , about 20 % to the St Petersburg region , and the remainder to other locations .",neutral
Its 168 asset management experts manage assets worth over EUR 35 billion .,neutral
"The business has sales of about ( Euro ) 35 million ( $ 44million ) , and has been responsible for sales and marketing of Lanxess 's paper chemicals business , which Kemira bought for ( Euro ) 88 million early this year ( CW , Jan. 11 , p. 22 ) .",neutral
The EUR 0.7 million non-recurring expenses have been recorded for the third quarter .,neutral
The total value of the project is valued at SEK 30bn ( EUR 2.83 bn USD 3.81 bn ) .,neutral
"Viking will pay EUR 130 million for the new ship , which will be completed in January 2008 .",neutral
"At the beginning of the subscription period on May 2 , 2006 the share subscription price under B option right is EUR 10.22 per share .",neutral
"In 2008 , Kemira recorded revenue of approximately EUR 2.8 billion and had a staff of 9,400 .",neutral
"In accordance with the terms and conditions of Alma Media 's 2006 option program , the share subscription price for the 2006A option rights was EUR 4.88 per share and the book countervalue EUR 0.60 per share .",neutral
"Of these shares 29,659,239 are held by the Company or its group companies and the number of outstanding shares and voting rights attached to the shares thus amounts to 322,705,218 .",neutral
The deal was worth about EUR 1.2 mn .,neutral
The investment will be worth approximately EUR 100mn .,neutral
The order was valued at over EUR15m .,neutral
The order was worth EUR 8mn .,neutral
"The total donation amount is EUR 1,115,000 .",neutral
"The total investment necessary will be EUR40m , the company estimated .",neutral
The total project duration is three years and it is valued at some EUR11 .5 m.,neutral
"Thus the group 's balance sheet will have about EUR 25.8 million of goodwill , the company added .",neutral
"Thus the group 's balance sheet will have about EUR25 .8 m in goodwill for 2010 , the company added .",neutral
The forecast for 2012 is 3.3 % .,neutral
"The share capital of Alma Media Corporation (business ID 1944757-4)is EUR 45,031,513.80 and it is divided into 75,052,523 shares .",neutral
The annual net sales of the unit is some EUR 5 million and it currently employs some 55 people .,neutral
"Ahlstrom 's 5,700 employees serve customers via sales offices and production facilities in more than 20 countries on six continents .",neutral
A total of $ 78 million will be invested in the project .,neutral
"128,538 shares can still be subscribed for with Series E share options , max .",neutral
"As an alternative to the share exchange , Panostaja offers a full cash consideration at the value of 1.27 euro $ 1.7 per share .",neutral
"Construction work on the Helsinki Music Centre is to start this autumn , with the total cost of the project estimated at 140 million euros .",neutral
Earnings per share EPS amounted to EUR0 .01 .,neutral
"ITG 's share in the deal is estimated at some 500,000 euro $ 627,000 .",neutral
"Of the company 's net sales , 38 % was acquired in Finland , 21 % in other European countries , 40 % in Asia , and 1 % in the US .",neutral
The company has some 410 employees and an annual turnover of EUR65 .4 m. Vaahto Group is listed on the Nordic Exchange in Helsinki .,neutral
"In the third quarter of fiscal 2008 Efore swung to a net loss of EUR 400,000 versus a net profit of EUR 200,000 for the corresponding period of fiscal 2007 .",negative
"Konecranes Oyj KCR1V FH fell 5.5 percent to 20.51 euros , the biggest fall since June .",negative
Operating loss totaled EUR 25mn compared to a profit of EUR 63mn in the corresponding period in 2005 .,negative
Return on investment ROI was 4.1 % compared to 43.8 % in the first half of 2008 .,negative
"Finnish shipping company Finnlines ' pretax loss totalled EUR 6.5 mn in the third quarter of 2009 , compared to a profit of EUR 0.3 mn in the third quarter of 2008 .",negative
Diluted earnings per share ( EPS ) stood at EUR 0.25 versus EUR 0.42 .,negative
Finnish technology company Raute Corporation ( OMX Helsinki : RUTAV ) issued on Tuesday ( 23 September ) a profit warning for the financial year 2008 .,negative
"In Q1 of 2009 , the company 's operating loss totalled EUR 0.3 mn , compared to a profit of EUR 3.6 mn in Q1 of 2008 .",negative
"Loss after financial items totalled EUR 9.7 mn , compared to a profit of EUR 1.3 mn in the corresponding period in 2008 .",negative
Loss for the period totalled EUR 15.6 mn compared to a profit of EUR 6.3 mn in 2008 .,negative
"Operating loss of the Pulp & Paper Machinery unit was over EUR 3mn in September 2007 - August 2008 , compared to a profit of EUR 3.7 mn a year earlier .",negative
"Operating loss totalled EUR 12.7 mn , compared to a profit of EUR 17.7 mn in the first half of 2008 .",negative
"Publishing Sweden 's operating loss was EUR 1.1 mn in Q1 of 2009 , compared to a profit of EUR 0.6 mn a year ago .",negative
"Cerberus Capital Management LP-backed printing paper maker NewPage Corp. has posted mixed second-quarter results , casting a cloud over its planned initial public offering .",negative
"Finnish electronics manufacturing services EMS company Elcoteq SE posted a net loss of 66.4 mln euro $ 91.2 mln for the first half of 2007 , compared to a net profit of 7.1 mln euro $ 9.8 mln for the same period of 2006 .",negative
"In January-June 2010 , diluted loss per share stood at EUR0 .3 versus EUR0 .1 in the first half of 2009 .",negative
"In October , UPM reported a third-quarter net loss of euro86 million $ 110 million compared with a net profit of euro120 million in 2007 .",negative
"Operating profit margin was 8.3 % , compared to 11.8 % a year earlier .",negative
"Salcomp Oyj , the Finnish maker of mobile phone chargers , Monday posted a EUR1 .49 million loss in the second quarter compared with a 1.70 million profit in the same period the previous year .",negative
"TietoEnator was down 1.13 pct to 18.38 , extending recent lows after last week 's second-quarter report , dealers said .",negative
Operating profit excluding restructuring costs grew to EUR 44.5 million from EUR 31.7 million while operating profit including restructuring costs showed even larger growth to EUR 38.5 million from EUR 7.4 million .,positive
"20 October 2010 - Finnish environmental management company Lassila & Tikanoja Oyj HEL : LAT1V , or L&T , said Monday it expects its operating profit , excluding non-recurring items , for the whole 2010 to be slightly lower than in 2009 .",negative
"Food sales totalled EUR 323.5 mn in October 2009 , representing a decrease of 5.5 % from October 2008 .",negative
"During the strike , Finnair estimates to incur a net loss of between EUR2m and EUR2 .5 m per day .",negative
Earnings per share ( EPS ) dropped to EUR 0.21 from EUR 0.31 .,negative
"Finnair 's passenger load factor , which measures the number of sold seats as a share of all available seats , dropped by 1.3 percentage points to 76.7 % in September .",negative
"Frost sold shares for $ 19 million at $ 6.06-7 .12 per share , compared with Friday 's high of $ 11.33 and low of $ 10.14 .",negative
Glaston 's net profit for the third quarter of 2007 dropped to 2.4 mln euro ( $ 3.5 mln ) from 3.5 mln euro ( $ 5.1 mln ) for the corresponding period of 2006 .,negative
L&T 's net profit for the whole 2010 dropped to EUR 36 million from EUR 45 million for 2009 .,negative
"Lassila & Tikanoja 's operating profit excluding non-recurring and imputed items for the second quarter was EUR11 .3 m , down from EUR13 .8 m a year ago .",negative
Net sales dropped by 6 % year-on-year to EUR 11.9 million .,negative
"Nordic banks have already had to write off sizable loans in Latvia , with Swedbank , Nordea , DnB NOR and SEB reporting combined losses in excess of $ 1.35 billion in the period 2007 to 2010 against a backdrop of near economic meltdown in Latvia .",negative
Reported operating margin was a negative 5.9 % .,negative
"The currency effect had a 3.0 pct , or 20 mln euro ( $ 31.3 mln ) , negative impact on the revenue .",negative
"The period 's sales dropped to EUR 30.6 million from EUR 38.3 million , according to the interim report , released today .",negative
Vaisala 's net profit for the third quarter of 2007 dropped to 3.0 mln euro ( $ 4.3 mln ) from 6.8 mln euro ( $ 9.8 mln ) for the same period of 2006 .,negative
"Agricultural newspaper Maaseudun Tulevaisuus had 318,000 readers , representing a decrease of 6 % .",negative
"At 1411 CET , ArcelorMittal had lost 7.26 % to EUR 17.38 on Euronext Paris , coming at the lead of the blue-chip fallers .",negative
Cash flow from operations in January-December 2008 was a negative EUR 18.1 mn compared to EUR 39.0 mn in the corresponding period in 2007 .,negative
"The period 's sales dropped to EUR30 .6 m from EUR38 .3 m , according to the interim report , released today .",negative
"Based on the first quarter result , existing order backlog and new order prospects , the company expects that full-year sales will contract by 25 % from 2008 , the gross margin will stay at a healthy level , and the operating profit margin will be lower than in 2008 due to lower sales volume .",negative
"The airline estimated that the cancellation of its flights due to the closure of European airspace , and the process of recommencing traffic , have caused a the company a loss of EUR20m , including the costs of stranded passengers ' accommodation .",negative
Ruukki Group calculates that it has lost EUR 4mn in the failed project .,negative
"Samsung currently occupies third place and lost ground during the quarter , dropping by 1.8 % to an 11.1 % share overall .",negative
"The Baltimore Police and Fire Pension , which has about $ 1.5 billion , lost about $ 3.5 million in Madoff Ponzi scheme .",negative
"Operating loss totalled EUR 0.9 mn , down from a profit of EUR 2.7 mn .",negative
"It generated an operating loss of EUR 96.3 mn , down from a profit of EUR 43.9 mn .",negative
"Finnair 's Tallinn-based subsidiary , Aero AS , carried 23,335 passengers , a decline of 60.8 % , on routes between Helsinki and the Baltic capitals and within Southern Finland .",negative
"Sampo Bank 's market share of lending was 13.6 % , down from 14.4 % in the first quarter of 2008 .",negative
Sanoma News ' advertising sales decreased by 22 % during the year .,negative
